Model,GPU UUID,Batch,Concurrency,Model Config Path,Instance Group,Satisfies Constraints,GPU Memory Usage (MB),GPU Utilization (%),GPU Power Usage (W)
resnet50,GPU-2b917643-a0ef-b090-ac96-c822d5e8e027,1,512,resnet50_config_30,4:GPU,Yes,3186.6,98.3,85.6
resnet50,GPU-2b917643-a0ef-b090-ac96-c822d5e8e027,1,256,resnet50_config_30,4:GPU,Yes,3186.6,98.7,79.7
resnet50,GPU-2b917643-a0ef-b090-ac96-c822d5e8e027,1,1024,resnet50_config_30,4:GPU,Yes,3186.6,87.7,77.7
resnet50,GPU-2b917643-a0ef-b090-ac96-c822d5e8e027,1,128,resnet50_config_30,4:GPU,Yes,3186.6,89.3,77.3
resnet50,GPU-2b917643-a0ef-b090-ac96-c822d5e8e027,1,64,resnet50_config_30,4:GPU,Yes,3186.6,68.8,63.2
resnet50,GPU-2b917643-a0ef-b090-ac96-c822d5e8e027,1,32,resnet50_config_30,4:GPU,Yes,3186.6,68.8,59.5
resnet50,GPU-2b917643-a0ef-b090-ac96-c822d5e8e027,1,16,resnet50_config_30,4:GPU,Yes,3186.6,45.8,45.9
resnet50,GPU-2b917643-a0ef-b090-ac96-c822d5e8e027,1,8,resnet50_config_30,4:GPU,Yes,3186.6,91.3,53.6
resnet50,GPU-2b917643-a0ef-b090-ac96-c822d5e8e027,1,4,resnet50_config_30,4:GPU,Yes,3186.6,79.3,48.9
resnet50,GPU-2b917643-a0ef-b090-ac96-c822d5e8e027,1,2,resnet50_config_30,4:GPU,Yes,3186.6,65.3,42.8
resnet50,GPU-2b917643-a0ef-b090-ac96-c822d5e8e027,1,1,resnet50_config_30,4:GPU,Yes,3186.6,62.3,35.7
resnet50,GPU-2b917643-a0ef-b090-ac96-c822d5e8e027,1,512,resnet50_config_14,2:GPU,Yes,1972.4,97.0,86.5
resnet50,GPU-2b917643-a0ef-b090-ac96-c822d5e8e027,1,1024,resnet50_config_14,2:GPU,Yes,1972.4,98.7,81.2
resnet50,GPU-2b917643-a0ef-b090-ac96-c822d5e8e027,1,256,resnet50_config_14,2:GPU,Yes,1972.4,97.3,88.6
resnet50,GPU-2b917643-a0ef-b090-ac96-c822d5e8e027,1,128,resnet50_config_14,2:GPU,Yes,1972.4,72.0,68.8
resnet50,GPU-2b917643-a0ef-b090-ac96-c822d5e8e027,1,64,resnet50_config_14,2:GPU,Yes,1972.4,51.5,63.2
resnet50,GPU-2b917643-a0ef-b090-ac96-c822d5e8e027,1,32,resnet50_config_14,2:GPU,Yes,1972.4,70.2,60.2
resnet50,GPU-2b917643-a0ef-b090-ac96-c822d5e8e027,1,16,resnet50_config_14,2:GPU,Yes,1972.4,67.8,55.8
resnet50,GPU-2b917643-a0ef-b090-ac96-c822d5e8e027,1,8,resnet50_config_14,2:GPU,Yes,1972.4,59.7,46.6
resnet50,GPU-2b917643-a0ef-b090-ac96-c822d5e8e027,1,4,resnet50_config_14,2:GPU,Yes,1972.4,93.3,49.1
resnet50,GPU-2b917643-a0ef-b090-ac96-c822d5e8e027,1,2,resnet50_config_14,2:GPU,Yes,1972.4,84.0,46.4
resnet50,GPU-2b917643-a0ef-b090-ac96-c822d5e8e027,1,1,resnet50_config_14,2:GPU,Yes,1972.4,57.2,34.6
resnet50,GPU-2b917643-a0ef-b090-ac96-c822d5e8e027,1,1024,resnet50_config_6,1:GPU,Yes,1364.2,95.0,84.8
resnet50,GPU-2b917643-a0ef-b090-ac96-c822d5e8e027,1,256,resnet50_config_6,1:GPU,Yes,1364.2,86.3,72.6
resnet50,GPU-2b917643-a0ef-b090-ac96-c822d5e8e027,1,512,resnet50_config_6,1:GPU,Yes,1364.2,85.0,82.4
resnet50,GPU-2b917643-a0ef-b090-ac96-c822d5e8e027,1,128,resnet50_config_6,1:GPU,Yes,1364.2,71.0,68.1
resnet50,GPU-2b917643-a0ef-b090-ac96-c822d5e8e027,1,32,resnet50_config_6,1:GPU,Yes,1364.2,55.7,53.3
resnet50,GPU-2b917643-a0ef-b090-ac96-c822d5e8e027,1,16,resnet50_config_6,1:GPU,Yes,1364.2,65.5,54.3
resnet50,GPU-2b917643-a0ef-b090-ac96-c822d5e8e027,1,64,resnet50_config_6,1:GPU,Yes,1364.2,48.8,66.8
resnet50,GPU-2b917643-a0ef-b090-ac96-c822d5e8e027,1,8,resnet50_config_6,1:GPU,Yes,1364.2,63.0,51.5
resnet50,GPU-2b917643-a0ef-b090-ac96-c822d5e8e027,1,4,resnet50_config_6,1:GPU,Yes,1364.2,66.2,45.3
resnet50,GPU-2b917643-a0ef-b090-ac96-c822d5e8e027,1,2,resnet50_config_6,1:GPU,Yes,1364.2,66.2,41.8
resnet50,GPU-2b917643-a0ef-b090-ac96-c822d5e8e027,1,1,resnet50_config_6,1:GPU,Yes,1364.2,60.8,40.6
resnet50,GPU-2b917643-a0ef-b090-ac96-c822d5e8e027,1,1024,resnet50_config_7,1:GPU,Yes,1401.9,98.7,84.7
resnet50,GPU-2b917643-a0ef-b090-ac96-c822d5e8e027,1,512,resnet50_config_7,1:GPU,Yes,1401.9,83.3,79.0
resnet50,GPU-2b917643-a0ef-b090-ac96-c822d5e8e027,1,256,resnet50_config_7,1:GPU,Yes,1401.9,74.3,76.3
resnet50,GPU-2b917643-a0ef-b090-ac96-c822d5e8e027,1,128,resnet50_config_7,1:GPU,Yes,1401.9,71.2,71.3
resnet50,GPU-2b917643-a0ef-b090-ac96-c822d5e8e027,1,64,resnet50_config_7,1:GPU,Yes,1401.9,74.5,68.8
resnet50,GPU-2b917643-a0ef-b090-ac96-c822d5e8e027,1,32,resnet50_config_7,1:GPU,Yes,1401.9,63.5,55.7
resnet50,GPU-2b917643-a0ef-b090-ac96-c822d5e8e027,1,16,resnet50_config_7,1:GPU,Yes,1401.9,50.7,39.6
resnet50,GPU-2b917643-a0ef-b090-ac96-c822d5e8e027,1,8,resnet50_config_7,1:GPU,Yes,1401.9,54.8,48.7
resnet50,GPU-2b917643-a0ef-b090-ac96-c822d5e8e027,1,4,resnet50_config_7,1:GPU,Yes,1401.9,45.7,42.6
resnet50,GPU-2b917643-a0ef-b090-ac96-c822d5e8e027,1,2,resnet50_config_7,1:GPU,Yes,1401.9,79.8,46.5
resnet50,GPU-2b917643-a0ef-b090-ac96-c822d5e8e027,1,1,resnet50_config_7,1:GPU,Yes,1401.9,56.7,41.1
resnet50,GPU-2b917643-a0ef-b090-ac96-c822d5e8e027,1,512,resnet50_config_15,2:GPU,Yes,2047.9,79.3,73.3
resnet50,GPU-2b917643-a0ef-b090-ac96-c822d5e8e027,1,64,resnet50_config_15,2:GPU,Yes,2047.9,83.8,77.4
resnet50,GPU-2b917643-a0ef-b090-ac96-c822d5e8e027,1,256,resnet50_config_15,2:GPU,Yes,2047.9,76.7,65.5
resnet50,GPU-2b917643-a0ef-b090-ac96-c822d5e8e027,1,128,resnet50_config_15,2:GPU,Yes,2047.9,76.2,56.6
resnet50,GPU-2b917643-a0ef-b090-ac96-c822d5e8e027,1,32,resnet50_config_15,2:GPU,Yes,2047.9,52.3,51.1
resnet50,GPU-2b917643-a0ef-b090-ac96-c822d5e8e027,1,16,resnet50_config_15,2:GPU,Yes,2047.9,68.2,54.3
resnet50,GPU-2b917643-a0ef-b090-ac96-c822d5e8e027,1,8,resnet50_config_15,2:GPU,Yes,2047.9,43.0,42.7
resnet50,GPU-2b917643-a0ef-b090-ac96-c822d5e8e027,1,4,resnet50_config_15,2:GPU,Yes,2047.9,53.7,39.7
resnet50,GPU-2b917643-a0ef-b090-ac96-c822d5e8e027,1,2,resnet50_config_15,2:GPU,Yes,2047.9,44.0,34.7
resnet50,GPU-2b917643-a0ef-b090-ac96-c822d5e8e027,1,1,resnet50_config_15,2:GPU,Yes,2047.9,53.0,38.5
resnet50,GPU-2b917643-a0ef-b090-ac96-c822d5e8e027,1,512,resnet50_config_22,3:GPU,Yes,2578.4,94.0,84.1
resnet50,GPU-2b917643-a0ef-b090-ac96-c822d5e8e027,1,256,resnet50_config_22,3:GPU,Yes,2578.4,83.7,80.0
resnet50,GPU-2b917643-a0ef-b090-ac96-c822d5e8e027,1,128,resnet50_config_22,3:GPU,Yes,2578.4,78.5,75.0
resnet50,GPU-2b917643-a0ef-b090-ac96-c822d5e8e027,1,64,resnet50_config_22,3:GPU,Yes,2578.4,94.7,77.3
resnet50,GPU-2b917643-a0ef-b090-ac96-c822d5e8e027,1,32,resnet50_config_22,3:GPU,Yes,2578.4,68.8,60.0
resnet50,GPU-2b917643-a0ef-b090-ac96-c822d5e8e027,1,16,resnet50_config_22,3:GPU,Yes,2578.4,67.0,55.8
resnet50,GPU-2b917643-a0ef-b090-ac96-c822d5e8e027,1,8,resnet50_config_22,3:GPU,Yes,2578.4,45.0,47.7
resnet50,GPU-2b917643-a0ef-b090-ac96-c822d5e8e027,1,4,resnet50_config_22,3:GPU,Yes,2578.4,83.5,48.1
resnet50,GPU-2b917643-a0ef-b090-ac96-c822d5e8e027,1,2,resnet50_config_22,3:GPU,Yes,2578.4,85.3,47.2
resnet50,GPU-2b917643-a0ef-b090-ac96-c822d5e8e027,1,1,resnet50_config_22,3:GPU,Yes,2578.4,57.8,40.3
resnet50,GPU-2b917643-a0ef-b090-ac96-c822d5e8e027,1,1024,resnet50_config_13,2:GPU,Yes,1934.6,98.0,84.1
resnet50,GPU-2b917643-a0ef-b090-ac96-c822d5e8e027,1,128,resnet50_config_13,2:GPU,Yes,1934.6,90.0,76.0
resnet50,GPU-2b917643-a0ef-b090-ac96-c822d5e8e027,1,512,resnet50_config_13,2:GPU,Yes,1934.6,94.7,81.6
resnet50,GPU-2b917643-a0ef-b090-ac96-c822d5e8e027,1,256,resnet50_config_13,2:GPU,Yes,1934.6,95.7,80.3
resnet50,GPU-2b917643-a0ef-b090-ac96-c822d5e8e027,1,64,resnet50_config_13,2:GPU,Yes,1934.6,64.0,60.2
resnet50,GPU-2b917643-a0ef-b090-ac96-c822d5e8e027,1,32,resnet50_config_13,2:GPU,Yes,1934.6,92.7,72.1
resnet50,GPU-2b917643-a0ef-b090-ac96-c822d5e8e027,1,16,resnet50_config_13,2:GPU,Yes,1934.6,69.2,56.1
resnet50,GPU-2b917643-a0ef-b090-ac96-c822d5e8e027,1,8,resnet50_config_13,2:GPU,Yes,1934.6,50.0,45.6
resnet50,GPU-2b917643-a0ef-b090-ac96-c822d5e8e027,1,4,resnet50_config_13,2:GPU,Yes,1934.6,56.5,43.0
resnet50,GPU-2b917643-a0ef-b090-ac96-c822d5e8e027,1,2,resnet50_config_13,2:GPU,Yes,1934.6,77.0,44.4
resnet50,GPU-2b917643-a0ef-b090-ac96-c822d5e8e027,1,1,resnet50_config_13,2:GPU,Yes,1934.6,55.0,39.5
resnet50,GPU-2b917643-a0ef-b090-ac96-c822d5e8e027,1,256,resnet50_config_5,1:GPU,Yes,1345.3,97.0,82.8
resnet50,GPU-2b917643-a0ef-b090-ac96-c822d5e8e027,1,512,resnet50_config_5,1:GPU,Yes,1345.3,95.0,85.9
resnet50,GPU-2b917643-a0ef-b090-ac96-c822d5e8e027,1,128,resnet50_config_5,1:GPU,Yes,1345.3,97.0,85.4
resnet50,GPU-2b917643-a0ef-b090-ac96-c822d5e8e027,1,1024,resnet50_config_5,1:GPU,Yes,1345.3,84.7,76.5
resnet50,GPU-2b917643-a0ef-b090-ac96-c822d5e8e027,1,64,resnet50_config_5,1:GPU,Yes,1345.3,56.5,55.6
resnet50,GPU-2b917643-a0ef-b090-ac96-c822d5e8e027,1,32,resnet50_config_5,1:GPU,Yes,1345.3,77.5,65.9
resnet50,GPU-2b917643-a0ef-b090-ac96-c822d5e8e027,1,16,resnet50_config_5,1:GPU,Yes,1345.3,81.0,61.7
resnet50,GPU-2b917643-a0ef-b090-ac96-c822d5e8e027,1,8,resnet50_config_5,1:GPU,Yes,1345.3,57.8,43.3
resnet50,GPU-2b917643-a0ef-b090-ac96-c822d5e8e027,1,4,resnet50_config_5,1:GPU,Yes,1345.3,58.0,42.8
resnet50,GPU-2b917643-a0ef-b090-ac96-c822d5e8e027,1,2,resnet50_config_5,1:GPU,Yes,1345.3,64.0,42.7
resnet50,GPU-2b917643-a0ef-b090-ac96-c822d5e8e027,1,1,resnet50_config_5,1:GPU,Yes,1345.3,60.0,34.3
resnet50,GPU-2b917643-a0ef-b090-ac96-c822d5e8e027,1,512,resnet50_config_37,5:GPU,Yes,3702.5,98.0,84.2
resnet50,GPU-2b917643-a0ef-b090-ac96-c822d5e8e027,1,128,resnet50_config_37,5:GPU,Yes,3702.5,93.5,78.5
resnet50,GPU-2b917643-a0ef-b090-ac96-c822d5e8e027,1,256,resnet50_config_37,5:GPU,Yes,3702.5,73.0,70.7
resnet50,GPU-2b917643-a0ef-b090-ac96-c822d5e8e027,1,64,resnet50_config_37,5:GPU,Yes,3702.5,70.2,62.6
resnet50,GPU-2b917643-a0ef-b090-ac96-c822d5e8e027,1,32,resnet50_config_37,5:GPU,Yes,3702.5,67.8,56.5
resnet50,GPU-2b917643-a0ef-b090-ac96-c822d5e8e027,1,16,resnet50_config_37,5:GPU,Yes,3702.5,69.2,52.8
resnet50,GPU-2b917643-a0ef-b090-ac96-c822d5e8e027,1,8,resnet50_config_37,5:GPU,Yes,3702.5,54.8,46.5
resnet50,GPU-2b917643-a0ef-b090-ac96-c822d5e8e027,1,4,resnet50_config_37,5:GPU,Yes,3702.5,58.8,45.1
resnet50,GPU-2b917643-a0ef-b090-ac96-c822d5e8e027,1,2,resnet50_config_37,5:GPU,Yes,3702.5,70.5,44.7
resnet50,GPU-2b917643-a0ef-b090-ac96-c822d5e8e027,1,1,resnet50_config_37,5:GPU,Yes,3702.5,53.8,34.9
resnet50,GPU-2b917643-a0ef-b090-ac96-c822d5e8e027,1,256,resnet50_config_31,4:GPU,Yes,3337.6,97.3,81.7
resnet50,GPU-2b917643-a0ef-b090-ac96-c822d5e8e027,1,128,resnet50_config_31,4:GPU,Yes,3337.6,94.2,83.2
resnet50,GPU-2b917643-a0ef-b090-ac96-c822d5e8e027,1,512,resnet50_config_31,4:GPU,Yes,3337.6,80.7,97.7
resnet50,GPU-2b917643-a0ef-b090-ac96-c822d5e8e027,1,64,resnet50_config_31,4:GPU,Yes,3337.6,62.0,60.2
resnet50,GPU-2b917643-a0ef-b090-ac96-c822d5e8e027,1,32,resnet50_config_31,4:GPU,Yes,3337.6,60.8,57.4
resnet50,GPU-2b917643-a0ef-b090-ac96-c822d5e8e027,1,16,resnet50_config_31,4:GPU,Yes,3337.6,66.2,50.4
resnet50,GPU-2b917643-a0ef-b090-ac96-c822d5e8e027,1,8,resnet50_config_31,4:GPU,Yes,3337.6,79.8,54.2
resnet50,GPU-2b917643-a0ef-b090-ac96-c822d5e8e027,1,4,resnet50_config_31,4:GPU,Yes,3337.6,44.5,43.1
resnet50,GPU-2b917643-a0ef-b090-ac96-c822d5e8e027,1,2,resnet50_config_31,4:GPU,Yes,3337.6,39.8,38.0
resnet50,GPU-2b917643-a0ef-b090-ac96-c822d5e8e027,1,1,resnet50_config_31,4:GPU,Yes,3337.6,65.8,35.9
resnet50,GPU-2b917643-a0ef-b090-ac96-c822d5e8e027,1,512,resnet50_config_29,4:GPU,Yes,3111.1,98.0,83.8
resnet50,GPU-2b917643-a0ef-b090-ac96-c822d5e8e027,1,1024,resnet50_config_29,4:GPU,Yes,3111.1,94.7,83.8
resnet50,GPU-2b917643-a0ef-b090-ac96-c822d5e8e027,1,128,resnet50_config_29,4:GPU,Yes,3111.1,87.7,81.0
resnet50,GPU-2b917643-a0ef-b090-ac96-c822d5e8e027,1,256,resnet50_config_29,4:GPU,Yes,3111.1,85.7,75.7
resnet50,GPU-2b917643-a0ef-b090-ac96-c822d5e8e027,1,64,resnet50_config_29,4:GPU,Yes,3111.1,86.0,70.4
resnet50,GPU-2b917643-a0ef-b090-ac96-c822d5e8e027,1,32,resnet50_config_29,4:GPU,Yes,3111.1,47.0,49.2
resnet50,GPU-2b917643-a0ef-b090-ac96-c822d5e8e027,1,16,resnet50_config_29,4:GPU,Yes,3111.1,60.8,49.7
resnet50,GPU-2b917643-a0ef-b090-ac96-c822d5e8e027,1,8,resnet50_config_29,4:GPU,Yes,3111.1,57.0,44.5
resnet50,GPU-2b917643-a0ef-b090-ac96-c822d5e8e027,1,4,resnet50_config_29,4:GPU,Yes,3111.1,63.0,43.6
resnet50,GPU-2b917643-a0ef-b090-ac96-c822d5e8e027,1,2,resnet50_config_29,4:GPU,Yes,3111.1,57.7,40.8
resnet50,GPU-2b917643-a0ef-b090-ac96-c822d5e8e027,1,1,resnet50_config_29,4:GPU,Yes,3111.1,63.5,41.5
resnet50,GPU-2b917643-a0ef-b090-ac96-c822d5e8e027,1,1024,resnet50_config_38,5:GPU,Yes,3796.9,89.7,80.8
resnet50,GPU-2b917643-a0ef-b090-ac96-c822d5e8e027,1,256,resnet50_config_38,5:GPU,Yes,3796.9,79.0,76.9
resnet50,GPU-2b917643-a0ef-b090-ac96-c822d5e8e027,1,512,resnet50_config_38,5:GPU,Yes,3796.9,78.3,88.8
resnet50,GPU-2b917643-a0ef-b090-ac96-c822d5e8e027,1,128,resnet50_config_38,5:GPU,Yes,3796.9,82.2,72.9
resnet50,GPU-2b917643-a0ef-b090-ac96-c822d5e8e027,1,64,resnet50_config_38,5:GPU,Yes,3796.9,78.3,69.5
resnet50,GPU-2b917643-a0ef-b090-ac96-c822d5e8e027,1,32,resnet50_config_38,5:GPU,Yes,3796.9,61.0,53.7
resnet50,GPU-2b917643-a0ef-b090-ac96-c822d5e8e027,1,16,resnet50_config_38,5:GPU,Yes,3796.9,64.5,54.1
resnet50,GPU-2b917643-a0ef-b090-ac96-c822d5e8e027,1,8,resnet50_config_38,5:GPU,Yes,3796.9,59.7,44.1
resnet50,GPU-2b917643-a0ef-b090-ac96-c822d5e8e027,1,4,resnet50_config_38,5:GPU,Yes,3796.9,56.7,41.3
resnet50,GPU-2b917643-a0ef-b090-ac96-c822d5e8e027,1,2,resnet50_config_38,5:GPU,Yes,3796.9,74.2,46.2
resnet50,GPU-2b917643-a0ef-b090-ac96-c822d5e8e027,1,1,resnet50_config_38,5:GPU,Yes,3796.9,58.0,40.4
resnet50,GPU-2b917643-a0ef-b090-ac96-c822d5e8e027,1,512,resnet50_config_36,5:GPU,Yes,3650.1,96.7,82.8
resnet50,GPU-2b917643-a0ef-b090-ac96-c822d5e8e027,1,1024,resnet50_config_36,5:GPU,Yes,3650.1,97.0,81.5
resnet50,GPU-2b917643-a0ef-b090-ac96-c822d5e8e027,1,128,resnet50_config_36,5:GPU,Yes,3650.1,89.2,79.0
resnet50,GPU-2b917643-a0ef-b090-ac96-c822d5e8e027,1,64,resnet50_config_36,5:GPU,Yes,3650.1,61.8,61.4
resnet50,GPU-2b917643-a0ef-b090-ac96-c822d5e8e027,1,256,resnet50_config_36,5:GPU,Yes,3650.1,91.3,78.8
resnet50,GPU-2b917643-a0ef-b090-ac96-c822d5e8e027,1,32,resnet50_config_36,5:GPU,Yes,3650.1,86.0,63.8
resnet50,GPU-2b917643-a0ef-b090-ac96-c822d5e8e027,1,16,resnet50_config_36,5:GPU,Yes,3650.1,28.3,39.3
resnet50,GPU-2b917643-a0ef-b090-ac96-c822d5e8e027,1,8,resnet50_config_36,5:GPU,Yes,3650.1,90.0,52.3
resnet50,GPU-2b917643-a0ef-b090-ac96-c822d5e8e027,1,4,resnet50_config_36,5:GPU,Yes,3650.1,60.8,42.5
resnet50,GPU-2b917643-a0ef-b090-ac96-c822d5e8e027,1,2,resnet50_config_36,5:GPU,Yes,3650.1,59.5,42.9
resnet50,GPU-2b917643-a0ef-b090-ac96-c822d5e8e027,1,1,resnet50_config_36,5:GPU,Yes,3650.1,62.7,39.3
resnet50,GPU-2b917643-a0ef-b090-ac96-c822d5e8e027,1,256,resnet50_config_12,2:GPU,Yes,1913.7,96.7,80.9
resnet50,GPU-2b917643-a0ef-b090-ac96-c822d5e8e027,1,128,resnet50_config_12,2:GPU,Yes,1913.7,70.8,78.9
resnet50,GPU-2b917643-a0ef-b090-ac96-c822d5e8e027,1,512,resnet50_config_12,2:GPU,Yes,1913.7,95.3,78.3
resnet50,GPU-2b917643-a0ef-b090-ac96-c822d5e8e027,1,64,resnet50_config_12,2:GPU,Yes,1913.7,72.5,61.3
resnet50,GPU-2b917643-a0ef-b090-ac96-c822d5e8e027,1,32,resnet50_config_12,2:GPU,Yes,1913.7,67.8,59.5
resnet50,GPU-2b917643-a0ef-b090-ac96-c822d5e8e027,1,16,resnet50_config_12,2:GPU,Yes,1913.7,64.0,53.0
resnet50,GPU-2b917643-a0ef-b090-ac96-c822d5e8e027,1,8,resnet50_config_12,2:GPU,Yes,1913.7,51.3,39.1
resnet50,GPU-2b917643-a0ef-b090-ac96-c822d5e8e027,1,4,resnet50_config_12,2:GPU,Yes,1913.7,36.7,41.3
resnet50,GPU-2b917643-a0ef-b090-ac96-c822d5e8e027,1,2,resnet50_config_12,2:GPU,Yes,1913.7,68.2,43.1
resnet50,GPU-2b917643-a0ef-b090-ac96-c822d5e8e027,1,1,resnet50_config_12,2:GPU,Yes,1913.7,57.2,37.0
resnet50,GPU-2b917643-a0ef-b090-ac96-c822d5e8e027,1,512,resnet50_config_4,1:GPU,Yes,1334.8,96.0,80.0
resnet50,GPU-2b917643-a0ef-b090-ac96-c822d5e8e027,1,256,resnet50_config_4,1:GPU,Yes,1334.8,95.3,79.6
resnet50,GPU-2b917643-a0ef-b090-ac96-c822d5e8e027,1,128,resnet50_config_4,1:GPU,Yes,1334.8,77.8,72.4
resnet50,GPU-2b917643-a0ef-b090-ac96-c822d5e8e027,1,64,resnet50_config_4,1:GPU,Yes,1334.8,69.0,65.0
resnet50,GPU-2b917643-a0ef-b090-ac96-c822d5e8e027,1,32,resnet50_config_4,1:GPU,Yes,1334.8,57.0,57.5
resnet50,GPU-2b917643-a0ef-b090-ac96-c822d5e8e027,1,16,resnet50_config_4,1:GPU,Yes,1334.8,67.5,57.3
resnet50,GPU-2b917643-a0ef-b090-ac96-c822d5e8e027,1,8,resnet50_config_4,1:GPU,Yes,1334.8,60.5,49.0
resnet50,GPU-2b917643-a0ef-b090-ac96-c822d5e8e027,1,4,resnet50_config_4,1:GPU,Yes,1334.8,57.0,39.4
resnet50,GPU-2b917643-a0ef-b090-ac96-c822d5e8e027,1,2,resnet50_config_4,1:GPU,Yes,1334.8,68.8,42.2
resnet50,GPU-2b917643-a0ef-b090-ac96-c822d5e8e027,1,1,resnet50_config_4,1:GPU,Yes,1334.8,55.5,39.6
resnet50,GPU-2b917643-a0ef-b090-ac96-c822d5e8e027,1,256,resnet50_config_21,3:GPU,Yes,2521.8,95.0,78.9
resnet50,GPU-2b917643-a0ef-b090-ac96-c822d5e8e027,1,512,resnet50_config_21,3:GPU,Yes,2521.8,81.0,73.1
resnet50,GPU-2b917643-a0ef-b090-ac96-c822d5e8e027,1,64,resnet50_config_21,3:GPU,Yes,2521.8,78.0,72.7
resnet50,GPU-2b917643-a0ef-b090-ac96-c822d5e8e027,1,128,resnet50_config_21,3:GPU,Yes,2521.8,87.7,78.6
resnet50,GPU-2b917643-a0ef-b090-ac96-c822d5e8e027,1,32,resnet50_config_21,3:GPU,Yes,2521.8,64.5,55.2
resnet50,GPU-2b917643-a0ef-b090-ac96-c822d5e8e027,1,16,resnet50_config_21,3:GPU,Yes,2521.8,59.3,53.4
resnet50,GPU-2b917643-a0ef-b090-ac96-c822d5e8e027,1,8,resnet50_config_21,3:GPU,Yes,2521.8,40.5,41.5
resnet50,GPU-2b917643-a0ef-b090-ac96-c822d5e8e027,1,4,resnet50_config_21,3:GPU,Yes,2521.8,47.0,39.3
resnet50,GPU-2b917643-a0ef-b090-ac96-c822d5e8e027,1,2,resnet50_config_21,3:GPU,Yes,2521.8,79.0,45.4
resnet50,GPU-2b917643-a0ef-b090-ac96-c822d5e8e027,1,1,resnet50_config_21,3:GPU,Yes,2521.8,53.8,39.7
resnet50,GPU-2b917643-a0ef-b090-ac96-c822d5e8e027,1,128,resnet50_config_28,4:GPU,Yes,3069.2,95.5,79.8
resnet50,GPU-2b917643-a0ef-b090-ac96-c822d5e8e027,1,1024,resnet50_config_28,4:GPU,Yes,3069.2,96.3,82.1
resnet50,GPU-2b917643-a0ef-b090-ac96-c822d5e8e027,1,512,resnet50_config_28,4:GPU,Yes,3069.2,96.3,81.1
resnet50,GPU-2b917643-a0ef-b090-ac96-c822d5e8e027,1,256,resnet50_config_28,4:GPU,Yes,3069.2,93.7,77.2
resnet50,GPU-2b917643-a0ef-b090-ac96-c822d5e8e027,1,64,resnet50_config_28,4:GPU,Yes,3069.2,71.0,64.2
resnet50,GPU-2b917643-a0ef-b090-ac96-c822d5e8e027,1,32,resnet50_config_28,4:GPU,Yes,3069.2,51.0,58.1
resnet50,GPU-2b917643-a0ef-b090-ac96-c822d5e8e027,1,16,resnet50_config_28,4:GPU,Yes,3069.2,68.8,53.4
resnet50,GPU-2b917643-a0ef-b090-ac96-c822d5e8e027,1,8,resnet50_config_28,4:GPU,Yes,3069.2,80.7,54.8
resnet50,GPU-2b917643-a0ef-b090-ac96-c822d5e8e027,1,4,resnet50_config_28,4:GPU,Yes,3069.2,77.2,48.7
resnet50,GPU-2b917643-a0ef-b090-ac96-c822d5e8e027,1,2,resnet50_config_28,4:GPU,Yes,3069.2,37.8,39.9
resnet50,GPU-2b917643-a0ef-b090-ac96-c822d5e8e027,1,1,resnet50_config_28,4:GPU,Yes,3069.2,61.8,40.3
resnet50,GPU-2b917643-a0ef-b090-ac96-c822d5e8e027,1,128,resnet50_config_20,3:GPU,Yes,2490.4,90.0,79.4
resnet50,GPU-2b917643-a0ef-b090-ac96-c822d5e8e027,1,64,resnet50_config_20,3:GPU,Yes,2490.4,91.8,77.7
resnet50,GPU-2b917643-a0ef-b090-ac96-c822d5e8e027,1,256,resnet50_config_20,3:GPU,Yes,2490.4,92.3,79.0
resnet50,GPU-2b917643-a0ef-b090-ac96-c822d5e8e027,1,512,resnet50_config_20,3:GPU,Yes,2490.4,90.0,78.2
resnet50,GPU-2b917643-a0ef-b090-ac96-c822d5e8e027,1,32,resnet50_config_20,3:GPU,Yes,2490.4,55.8,48.8
resnet50,GPU-2b917643-a0ef-b090-ac96-c822d5e8e027,1,16,resnet50_config_20,3:GPU,Yes,2490.4,50.7,54.0
resnet50,GPU-2b917643-a0ef-b090-ac96-c822d5e8e027,1,8,resnet50_config_20,3:GPU,Yes,2490.4,50.7,45.6
resnet50,GPU-2b917643-a0ef-b090-ac96-c822d5e8e027,1,4,resnet50_config_20,3:GPU,Yes,2490.4,53.0,42.1
resnet50,GPU-2b917643-a0ef-b090-ac96-c822d5e8e027,1,2,resnet50_config_20,3:GPU,Yes,2490.4,61.5,40.2
resnet50,GPU-2b917643-a0ef-b090-ac96-c822d5e8e027,1,1,resnet50_config_20,3:GPU,Yes,2490.4,51.3,39.8
resnet50,GPU-2b917643-a0ef-b090-ac96-c822d5e8e027,1,128,resnet50_config_23,3:GPU,Yes,2691.7,91.5,82.0
resnet50,GPU-2b917643-a0ef-b090-ac96-c822d5e8e027,1,256,resnet50_config_23,3:GPU,Yes,2691.7,79.3,66.5
resnet50,GPU-2b917643-a0ef-b090-ac96-c822d5e8e027,1,1024,resnet50_config_23,3:GPU,Yes,2691.7,71.3,59.3
resnet50,GPU-2b917643-a0ef-b090-ac96-c822d5e8e027,1,64,resnet50_config_23,3:GPU,Yes,2691.7,55.8,51.9
resnet50,GPU-2b917643-a0ef-b090-ac96-c822d5e8e027,1,512,resnet50_config_23,3:GPU,Yes,2691.7,88.0,73.0
resnet50,GPU-2b917643-a0ef-b090-ac96-c822d5e8e027,1,32,resnet50_config_23,3:GPU,Yes,2691.7,57.8,60.5
resnet50,GPU-2b917643-a0ef-b090-ac96-c822d5e8e027,1,16,resnet50_config_23,3:GPU,Yes,2691.7,69.0,55.0
resnet50,GPU-2b917643-a0ef-b090-ac96-c822d5e8e027,1,8,resnet50_config_23,3:GPU,Yes,2691.7,68.0,48.6
resnet50,GPU-2b917643-a0ef-b090-ac96-c822d5e8e027,1,4,resnet50_config_23,3:GPU,Yes,2691.7,65.8,48.0
resnet50,GPU-2b917643-a0ef-b090-ac96-c822d5e8e027,1,2,resnet50_config_23,3:GPU,Yes,2691.7,80.3,46.7
resnet50,GPU-2b917643-a0ef-b090-ac96-c822d5e8e027,1,1,resnet50_config_23,3:GPU,Yes,2691.7,60.0,40.2
resnet50,GPU-2b917643-a0ef-b090-ac96-c822d5e8e027,1,256,resnet50_config_27,4:GPU,Yes,3052.4,90.3,75.3
resnet50,GPU-2b917643-a0ef-b090-ac96-c822d5e8e027,1,128,resnet50_config_27,4:GPU,Yes,3052.4,89.0,76.1
resnet50,GPU-2b917643-a0ef-b090-ac96-c822d5e8e027,1,512,resnet50_config_27,4:GPU,Yes,3052.4,93.7,76.6
resnet50,GPU-2b917643-a0ef-b090-ac96-c822d5e8e027,1,64,resnet50_config_27,4:GPU,Yes,3052.4,45.0,50.4
resnet50,GPU-2b917643-a0ef-b090-ac96-c822d5e8e027,1,32,resnet50_config_27,4:GPU,Yes,3052.4,54.5,59.0
resnet50,GPU-2b917643-a0ef-b090-ac96-c822d5e8e027,1,16,resnet50_config_27,4:GPU,Yes,3052.4,65.2,52.7
resnet50,GPU-2b917643-a0ef-b090-ac96-c822d5e8e027,1,8,resnet50_config_27,4:GPU,Yes,3052.4,59.0,44.4
resnet50,GPU-2b917643-a0ef-b090-ac96-c822d5e8e027,1,4,resnet50_config_27,4:GPU,Yes,3052.4,60.2,42.4
resnet50,GPU-2b917643-a0ef-b090-ac96-c822d5e8e027,1,2,resnet50_config_27,4:GPU,Yes,3052.4,57.0,40.5
resnet50,GPU-2b917643-a0ef-b090-ac96-c822d5e8e027,1,1,resnet50_config_27,4:GPU,Yes,3052.4,64.2,40.8
resnet50,GPU-2b917643-a0ef-b090-ac96-c822d5e8e027,1,256,resnet50_config_11,2:GPU,Yes,1905.3,92.3,75.5
resnet50,GPU-2b917643-a0ef-b090-ac96-c822d5e8e027,1,64,resnet50_config_11,2:GPU,Yes,1905.3,91.2,75.0
resnet50,GPU-2b917643-a0ef-b090-ac96-c822d5e8e027,1,128,resnet50_config_11,2:GPU,Yes,1905.3,89.5,73.4
resnet50,GPU-2b917643-a0ef-b090-ac96-c822d5e8e027,1,32,resnet50_config_11,2:GPU,Yes,1905.3,67.5,63.1
resnet50,GPU-2b917643-a0ef-b090-ac96-c822d5e8e027,1,16,resnet50_config_11,2:GPU,Yes,1905.3,66.2,55.3
resnet50,GPU-2b917643-a0ef-b090-ac96-c822d5e8e027,1,8,resnet50_config_11,2:GPU,Yes,1905.3,55.0,46.5
resnet50,GPU-2b917643-a0ef-b090-ac96-c822d5e8e027,1,4,resnet50_config_11,2:GPU,Yes,1905.3,60.0,42.2
resnet50,GPU-2b917643-a0ef-b090-ac96-c822d5e8e027,1,2,resnet50_config_11,2:GPU,Yes,1905.3,44.8,37.1
resnet50,GPU-2b917643-a0ef-b090-ac96-c822d5e8e027,1,1,resnet50_config_11,2:GPU,Yes,1905.3,66.2,35.2
resnet50,GPU-2b917643-a0ef-b090-ac96-c822d5e8e027,1,256,resnet50_config_35,5:GPU,Yes,3629.1,92.0,74.8
resnet50,GPU-2b917643-a0ef-b090-ac96-c822d5e8e027,1,64,resnet50_config_35,5:GPU,Yes,3629.1,49.5,52.1
resnet50,GPU-2b917643-a0ef-b090-ac96-c822d5e8e027,1,512,resnet50_config_35,5:GPU,Yes,3629.1,88.7,69.6
resnet50,GPU-2b917643-a0ef-b090-ac96-c822d5e8e027,1,128,resnet50_config_35,5:GPU,Yes,3629.1,84.2,72.2
resnet50,GPU-2b917643-a0ef-b090-ac96-c822d5e8e027,1,32,resnet50_config_35,5:GPU,Yes,3629.1,64.8,58.8
resnet50,GPU-2b917643-a0ef-b090-ac96-c822d5e8e027,1,16,resnet50_config_35,5:GPU,Yes,3629.1,68.2,52.2
resnet50,GPU-2b917643-a0ef-b090-ac96-c822d5e8e027,1,8,resnet50_config_35,5:GPU,Yes,3629.1,83.7,51.9
resnet50,GPU-2b917643-a0ef-b090-ac96-c822d5e8e027,1,4,resnet50_config_35,5:GPU,Yes,3629.1,51.5,41.5
resnet50,GPU-2b917643-a0ef-b090-ac96-c822d5e8e027,1,2,resnet50_config_35,5:GPU,Yes,3629.1,51.7,38.8
resnet50,GPU-2b917643-a0ef-b090-ac96-c822d5e8e027,1,1,resnet50_config_35,5:GPU,Yes,3629.1,59.8,40.4
resnet50,GPU-2b917643-a0ef-b090-ac96-c822d5e8e027,1,256,resnet50_config_19,3:GPU,Yes,2477.8,92.0,74.9
resnet50,GPU-2b917643-a0ef-b090-ac96-c822d5e8e027,1,512,resnet50_config_19,3:GPU,Yes,2477.8,86.7,71.7
resnet50,GPU-2b917643-a0ef-b090-ac96-c822d5e8e027,1,128,resnet50_config_19,3:GPU,Yes,2477.8,87.7,64.5
resnet50,GPU-2b917643-a0ef-b090-ac96-c822d5e8e027,1,1024,resnet50_config_19,3:GPU,Yes,2477.8,79.7,75.7
resnet50,GPU-2b917643-a0ef-b090-ac96-c822d5e8e027,1,32,resnet50_config_19,3:GPU,Yes,2477.8,56.7,54.0
resnet50,GPU-2b917643-a0ef-b090-ac96-c822d5e8e027,1,64,resnet50_config_19,3:GPU,Yes,2477.8,75.0,66.4
resnet50,GPU-2b917643-a0ef-b090-ac96-c822d5e8e027,1,16,resnet50_config_19,3:GPU,Yes,2477.8,63.2,53.8
resnet50,GPU-2b917643-a0ef-b090-ac96-c822d5e8e027,1,8,resnet50_config_19,3:GPU,Yes,2477.8,59.3,45.2
resnet50,GPU-2b917643-a0ef-b090-ac96-c822d5e8e027,1,4,resnet50_config_19,3:GPU,Yes,2477.8,48.0,39.5
resnet50,GPU-2b917643-a0ef-b090-ac96-c822d5e8e027,1,2,resnet50_config_19,3:GPU,Yes,2477.8,78.0,44.5
resnet50,GPU-2b917643-a0ef-b090-ac96-c822d5e8e027,1,1,resnet50_config_19,3:GPU,Yes,2477.8,61.2,37.4
resnet50,GPU-2b917643-a0ef-b090-ac96-c822d5e8e027,1,512,resnet50_config_3,1:GPU,Yes,1330.6,79.3,72.9
resnet50,GPU-2b917643-a0ef-b090-ac96-c822d5e8e027,1,1024,resnet50_config_3,1:GPU,Yes,1330.6,86.3,69.1
resnet50,GPU-2b917643-a0ef-b090-ac96-c822d5e8e027,1,128,resnet50_config_3,1:GPU,Yes,1330.6,67.5,65.9
resnet50,GPU-2b917643-a0ef-b090-ac96-c822d5e8e027,1,256,resnet50_config_3,1:GPU,Yes,1330.6,79.7,67.8
resnet50,GPU-2b917643-a0ef-b090-ac96-c822d5e8e027,1,32,resnet50_config_3,1:GPU,Yes,1330.6,81.3,61.8
resnet50,GPU-2b917643-a0ef-b090-ac96-c822d5e8e027,1,64,resnet50_config_3,1:GPU,Yes,1330.6,49.8,59.8
resnet50,GPU-2b917643-a0ef-b090-ac96-c822d5e8e027,1,16,resnet50_config_3,1:GPU,Yes,1330.6,81.0,64.6
resnet50,GPU-2b917643-a0ef-b090-ac96-c822d5e8e027,1,8,resnet50_config_3,1:GPU,Yes,1330.6,58.0,47.3
resnet50,GPU-2b917643-a0ef-b090-ac96-c822d5e8e027,1,4,resnet50_config_3,1:GPU,Yes,1330.6,66.8,45.2
resnet50,GPU-2b917643-a0ef-b090-ac96-c822d5e8e027,1,2,resnet50_config_3,1:GPU,Yes,1330.6,61.0,40.9
resnet50,GPU-2b917643-a0ef-b090-ac96-c822d5e8e027,1,1,resnet50_config_3,1:GPU,Yes,1330.6,54.0,38.9
resnet50,GPU-2b917643-a0ef-b090-ac96-c822d5e8e027,1,256,resnet50_config_default,1:GPU,Yes,1401.9,73.0,65.9
resnet50,GPU-2b917643-a0ef-b090-ac96-c822d5e8e027,1,32,resnet50_config_default,1:GPU,Yes,1401.9,58.8,56.4
resnet50,GPU-2b917643-a0ef-b090-ac96-c822d5e8e027,1,64,resnet50_config_default,1:GPU,Yes,1401.9,53.5,55.8
resnet50,GPU-2b917643-a0ef-b090-ac96-c822d5e8e027,1,16,resnet50_config_default,1:GPU,Yes,1401.9,60.8,56.0
resnet50,GPU-2b917643-a0ef-b090-ac96-c822d5e8e027,1,128,resnet50_config_default,1:GPU,Yes,1401.9,63.2,66.2
resnet50,GPU-2b917643-a0ef-b090-ac96-c822d5e8e027,1,8,resnet50_config_default,1:GPU,Yes,1401.9,53.0,47.2
resnet50,GPU-2b917643-a0ef-b090-ac96-c822d5e8e027,1,4,resnet50_config_default,1:GPU,Yes,1401.9,57.0,41.8
resnet50,GPU-2b917643-a0ef-b090-ac96-c822d5e8e027,1,2,resnet50_config_default,1:GPU,Yes,1401.9,67.0,42.2
resnet50,GPU-2b917643-a0ef-b090-ac96-c822d5e8e027,1,1,resnet50_config_default,1:GPU,Yes,1401.9,41.3,35.9
resnet50,GPU-2b917643-a0ef-b090-ac96-c822d5e8e027,1,256,resnet50_config_18,3:GPU,Yes,2471.5,90.7,65.6
resnet50,GPU-2b917643-a0ef-b090-ac96-c822d5e8e027,1,1024,resnet50_config_18,3:GPU,Yes,2471.5,92.0,67.7
resnet50,GPU-2b917643-a0ef-b090-ac96-c822d5e8e027,1,128,resnet50_config_18,3:GPU,Yes,2471.5,88.7,66.2
resnet50,GPU-2b917643-a0ef-b090-ac96-c822d5e8e027,1,512,resnet50_config_18,3:GPU,Yes,2471.5,88.3,67.7
resnet50,GPU-2b917643-a0ef-b090-ac96-c822d5e8e027,1,32,resnet50_config_18,3:GPU,Yes,2471.5,58.5,51.4
resnet50,GPU-2b917643-a0ef-b090-ac96-c822d5e8e027,1,16,resnet50_config_18,3:GPU,Yes,2471.5,41.5,45.3
resnet50,GPU-2b917643-a0ef-b090-ac96-c822d5e8e027,1,64,resnet50_config_18,3:GPU,Yes,2471.5,80.3,59.7
resnet50,GPU-2b917643-a0ef-b090-ac96-c822d5e8e027,1,8,resnet50_config_18,3:GPU,Yes,2471.5,40.2,48.5
resnet50,GPU-2b917643-a0ef-b090-ac96-c822d5e8e027,1,4,resnet50_config_18,3:GPU,Yes,2471.5,81.2,48.3
resnet50,GPU-2b917643-a0ef-b090-ac96-c822d5e8e027,1,2,resnet50_config_18,3:GPU,Yes,2471.5,52.5,38.3
resnet50,GPU-2b917643-a0ef-b090-ac96-c822d5e8e027,1,1,resnet50_config_18,3:GPU,Yes,2471.5,55.0,39.2
resnet50,GPU-2b917643-a0ef-b090-ac96-c822d5e8e027,1,256,resnet50_config_34,5:GPU,Yes,3618.6,92.7,65.6
resnet50,GPU-2b917643-a0ef-b090-ac96-c822d5e8e027,1,128,resnet50_config_34,5:GPU,Yes,3618.6,91.0,62.1
resnet50,GPU-2b917643-a0ef-b090-ac96-c822d5e8e027,1,32,resnet50_config_34,5:GPU,Yes,3618.6,83.2,63.2
resnet50,GPU-2b917643-a0ef-b090-ac96-c822d5e8e027,1,64,resnet50_config_34,5:GPU,Yes,3618.6,51.7,50.0
resnet50,GPU-2b917643-a0ef-b090-ac96-c822d5e8e027,1,16,resnet50_config_34,5:GPU,Yes,3618.6,59.8,51.6
resnet50,GPU-2b917643-a0ef-b090-ac96-c822d5e8e027,1,8,resnet50_config_34,5:GPU,Yes,3618.6,49.8,43.8
resnet50,GPU-2b917643-a0ef-b090-ac96-c822d5e8e027,1,4,resnet50_config_34,5:GPU,Yes,3618.6,73.7,51.0
resnet50,GPU-2b917643-a0ef-b090-ac96-c822d5e8e027,1,2,resnet50_config_34,5:GPU,Yes,3618.6,64.0,41.8
resnet50,GPU-2b917643-a0ef-b090-ac96-c822d5e8e027,1,1,resnet50_config_34,5:GPU,Yes,3618.6,61.0,41.1
resnet50,GPU-2b917643-a0ef-b090-ac96-c822d5e8e027,1,256,resnet50_config_26,4:GPU,Yes,3044.0,88.0,66.1
resnet50,GPU-2b917643-a0ef-b090-ac96-c822d5e8e027,1,128,resnet50_config_26,4:GPU,Yes,3044.0,84.7,64.0
resnet50,GPU-2b917643-a0ef-b090-ac96-c822d5e8e027,1,32,resnet50_config_26,4:GPU,Yes,3044.0,83.0,61.6
resnet50,GPU-2b917643-a0ef-b090-ac96-c822d5e8e027,1,64,resnet50_config_26,4:GPU,Yes,3044.0,62.7,51.8
resnet50,GPU-2b917643-a0ef-b090-ac96-c822d5e8e027,1,16,resnet50_config_26,4:GPU,Yes,3044.0,38.2,50.8
resnet50,GPU-2b917643-a0ef-b090-ac96-c822d5e8e027,1,8,resnet50_config_26,4:GPU,Yes,3044.0,81.8,52.8
resnet50,GPU-2b917643-a0ef-b090-ac96-c822d5e8e027,1,4,resnet50_config_26,4:GPU,Yes,3044.0,57.2,42.3
resnet50,GPU-2b917643-a0ef-b090-ac96-c822d5e8e027,1,2,resnet50_config_26,4:GPU,Yes,3044.0,79.8,45.1
resnet50,GPU-2b917643-a0ef-b090-ac96-c822d5e8e027,1,1,resnet50_config_26,4:GPU,Yes,3044.0,55.5,33.9
resnet50,GPU-2b917643-a0ef-b090-ac96-c822d5e8e027,1,16,resnet50_config_2,1:GPU,Yes,1328.5,65.2,53.4
resnet50,GPU-2b917643-a0ef-b090-ac96-c822d5e8e027,1,32,resnet50_config_2,1:GPU,Yes,1328.5,66.2,53.8
resnet50,GPU-2b917643-a0ef-b090-ac96-c822d5e8e027,1,64,resnet50_config_2,1:GPU,Yes,1328.5,63.0,53.9
resnet50,GPU-2b917643-a0ef-b090-ac96-c822d5e8e027,1,128,resnet50_config_2,1:GPU,Yes,1328.5,55.0,49.6
resnet50,GPU-2b917643-a0ef-b090-ac96-c822d5e8e027,1,8,resnet50_config_2,1:GPU,Yes,1328.5,65.0,49.9
resnet50,GPU-2b917643-a0ef-b090-ac96-c822d5e8e027,1,4,resnet50_config_2,1:GPU,Yes,1328.5,69.8,44.5
resnet50,GPU-2b917643-a0ef-b090-ac96-c822d5e8e027,1,2,resnet50_config_2,1:GPU,Yes,1328.5,62.3,39.6
resnet50,GPU-2b917643-a0ef-b090-ac96-c822d5e8e027,1,1,resnet50_config_2,1:GPU,Yes,1328.5,61.8,40.4
resnet50,GPU-2b917643-a0ef-b090-ac96-c822d5e8e027,1,64,resnet50_config_10,2:GPU,Yes,1901.1,54.5,55.3
resnet50,GPU-2b917643-a0ef-b090-ac96-c822d5e8e027,1,128,resnet50_config_10,2:GPU,Yes,1901.1,74.0,59.8
resnet50,GPU-2b917643-a0ef-b090-ac96-c822d5e8e027,1,16,resnet50_config_10,2:GPU,Yes,1901.1,66.0,54.3
resnet50,GPU-2b917643-a0ef-b090-ac96-c822d5e8e027,1,32,resnet50_config_10,2:GPU,Yes,1901.1,62.0,54.3
resnet50,GPU-2b917643-a0ef-b090-ac96-c822d5e8e027,1,8,resnet50_config_10,2:GPU,Yes,1901.1,50.7,45.7
resnet50,GPU-2b917643-a0ef-b090-ac96-c822d5e8e027,1,4,resnet50_config_10,2:GPU,Yes,1901.1,69.0,43.9
resnet50,GPU-2b917643-a0ef-b090-ac96-c822d5e8e027,1,2,resnet50_config_10,2:GPU,Yes,1901.1,73.5,42.0
resnet50,GPU-2b917643-a0ef-b090-ac96-c822d5e8e027,1,1,resnet50_config_10,2:GPU,Yes,1901.1,57.7,41.1
resnet50,GPU-2b917643-a0ef-b090-ac96-c822d5e8e027,1,512,resnet50_config_25,4:GPU,Yes,3033.5,92.7,57.6
resnet50,GPU-2b917643-a0ef-b090-ac96-c822d5e8e027,1,256,resnet50_config_25,4:GPU,Yes,3033.5,93.3,56.9
resnet50,GPU-2b917643-a0ef-b090-ac96-c822d5e8e027,1,1024,resnet50_config_25,4:GPU,Yes,3033.5,91.7,56.5
resnet50,GPU-2b917643-a0ef-b090-ac96-c822d5e8e027,1,128,resnet50_config_25,4:GPU,Yes,3033.5,73.7,51.6
resnet50,GPU-2b917643-a0ef-b090-ac96-c822d5e8e027,1,32,resnet50_config_25,4:GPU,Yes,3033.5,77.2,51.4
resnet50,GPU-2b917643-a0ef-b090-ac96-c822d5e8e027,1,16,resnet50_config_25,4:GPU,Yes,3033.5,44.7,42.7
resnet50,GPU-2b917643-a0ef-b090-ac96-c822d5e8e027,1,64,resnet50_config_25,4:GPU,Yes,3033.5,45.8,42.2
resnet50,GPU-2b917643-a0ef-b090-ac96-c822d5e8e027,1,8,resnet50_config_25,4:GPU,Yes,3033.5,51.5,43.6
resnet50,GPU-2b917643-a0ef-b090-ac96-c822d5e8e027,1,4,resnet50_config_25,4:GPU,Yes,3033.5,47.8,37.4
resnet50,GPU-2b917643-a0ef-b090-ac96-c822d5e8e027,1,2,resnet50_config_25,4:GPU,Yes,3033.5,47.0,40.5
resnet50,GPU-2b917643-a0ef-b090-ac96-c822d5e8e027,1,1,resnet50_config_25,4:GPU,Yes,3033.5,41.0,36.2
resnet50,GPU-2b917643-a0ef-b090-ac96-c822d5e8e027,1,8,resnet50_config_1,1:GPU,Yes,1324.4,66.2,47.6
resnet50,GPU-2b917643-a0ef-b090-ac96-c822d5e8e027,1,16,resnet50_config_1,1:GPU,Yes,1324.4,68.2,48.1
resnet50,GPU-2b917643-a0ef-b090-ac96-c822d5e8e027,1,64,resnet50_config_1,1:GPU,Yes,1324.4,68.5,47.9
resnet50,GPU-2b917643-a0ef-b090-ac96-c822d5e8e027,1,32,resnet50_config_1,1:GPU,Yes,1324.4,64.0,46.2
resnet50,GPU-2b917643-a0ef-b090-ac96-c822d5e8e027,1,4,resnet50_config_1,1:GPU,Yes,1324.4,68.5,43.8
resnet50,GPU-2b917643-a0ef-b090-ac96-c822d5e8e027,1,2,resnet50_config_1,1:GPU,Yes,1324.4,51.0,38.0
resnet50,GPU-2b917643-a0ef-b090-ac96-c822d5e8e027,1,1,resnet50_config_1,1:GPU,Yes,1324.4,46.0,33.5
resnet50,GPU-2b917643-a0ef-b090-ac96-c822d5e8e027,1,512,resnet50_config_9,2:GPU,Yes,1894.8,88.0,54.6
resnet50,GPU-2b917643-a0ef-b090-ac96-c822d5e8e027,1,256,resnet50_config_9,2:GPU,Yes,1894.8,83.3,54.2
resnet50,GPU-2b917643-a0ef-b090-ac96-c822d5e8e027,1,128,resnet50_config_9,2:GPU,Yes,1894.8,85.5,56.9
resnet50,GPU-2b917643-a0ef-b090-ac96-c822d5e8e027,1,64,resnet50_config_9,2:GPU,Yes,1894.8,86.7,55.2
resnet50,GPU-2b917643-a0ef-b090-ac96-c822d5e8e027,1,32,resnet50_config_9,2:GPU,Yes,1894.8,83.2,51.9
resnet50,GPU-2b917643-a0ef-b090-ac96-c822d5e8e027,1,16,resnet50_config_9,2:GPU,Yes,1894.8,86.0,56.0
resnet50,GPU-2b917643-a0ef-b090-ac96-c822d5e8e027,1,8,resnet50_config_9,2:GPU,Yes,1894.8,54.8,43.6
resnet50,GPU-2b917643-a0ef-b090-ac96-c822d5e8e027,1,4,resnet50_config_9,2:GPU,Yes,1894.8,64.5,42.3
resnet50,GPU-2b917643-a0ef-b090-ac96-c822d5e8e027,1,2,resnet50_config_9,2:GPU,Yes,1894.8,54.8,43.7
resnet50,GPU-2b917643-a0ef-b090-ac96-c822d5e8e027,1,1,resnet50_config_9,2:GPU,Yes,1894.8,58.0,40.3
resnet50,GPU-2b917643-a0ef-b090-ac96-c822d5e8e027,1,64,resnet50_config_33,5:GPU,Yes,3606.1,91.0,52.9
resnet50,GPU-2b917643-a0ef-b090-ac96-c822d5e8e027,1,16,resnet50_config_33,5:GPU,Yes,3606.1,26.7,39.5
resnet50,GPU-2b917643-a0ef-b090-ac96-c822d5e8e027,1,32,resnet50_config_33,5:GPU,Yes,3606.1,56.0,44.2
resnet50,GPU-2b917643-a0ef-b090-ac96-c822d5e8e027,1,128,resnet50_config_33,5:GPU,Yes,3606.1,57.0,46.5
resnet50,GPU-2b917643-a0ef-b090-ac96-c822d5e8e027,1,8,resnet50_config_33,5:GPU,Yes,3606.1,60.8,44.5
resnet50,GPU-2b917643-a0ef-b090-ac96-c822d5e8e027,1,4,resnet50_config_33,5:GPU,Yes,3606.1,63.0,42.5
resnet50,GPU-2b917643-a0ef-b090-ac96-c822d5e8e027,1,2,resnet50_config_33,5:GPU,Yes,3606.1,69.0,43.9
resnet50,GPU-2b917643-a0ef-b090-ac96-c822d5e8e027,1,1,resnet50_config_33,5:GPU,Yes,3606.1,62.0,41.3
resnet50,GPU-2b917643-a0ef-b090-ac96-c822d5e8e027,1,64,resnet50_config_17,3:GPU,Yes,2463.1,82.7,54.3
resnet50,GPU-2b917643-a0ef-b090-ac96-c822d5e8e027,1,16,resnet50_config_17,3:GPU,Yes,2463.1,51.0,48.6
resnet50,GPU-2b917643-a0ef-b090-ac96-c822d5e8e027,1,8,resnet50_config_17,3:GPU,Yes,2463.1,88.0,53.9
resnet50,GPU-2b917643-a0ef-b090-ac96-c822d5e8e027,1,32,resnet50_config_17,3:GPU,Yes,2463.1,89.3,53.2
resnet50,GPU-2b917643-a0ef-b090-ac96-c822d5e8e027,1,4,resnet50_config_17,3:GPU,Yes,2463.1,87.7,48.8
resnet50,GPU-2b917643-a0ef-b090-ac96-c822d5e8e027,1,2,resnet50_config_17,3:GPU,Yes,2463.1,77.5,43.9
resnet50,GPU-2b917643-a0ef-b090-ac96-c822d5e8e027,1,1,resnet50_config_17,3:GPU,Yes,2463.1,59.0,40.7
resnet50,GPU-2b917643-a0ef-b090-ac96-c822d5e8e027,1,4,resnet50_config_16,3:GPU,Yes,2458.9,94.7,49.6
resnet50,GPU-2b917643-a0ef-b090-ac96-c822d5e8e027,1,2,resnet50_config_16,3:GPU,Yes,2458.9,90.0,48.1
resnet50,GPU-2b917643-a0ef-b090-ac96-c822d5e8e027,1,32,resnet50_config_16,3:GPU,Yes,2458.9,88.0,47.2
resnet50,GPU-2b917643-a0ef-b090-ac96-c822d5e8e027,1,16,resnet50_config_16,3:GPU,Yes,2458.9,83.2,46.2
resnet50,GPU-2b917643-a0ef-b090-ac96-c822d5e8e027,1,8,resnet50_config_16,3:GPU,Yes,2458.9,65.2,41.8
resnet50,GPU-2b917643-a0ef-b090-ac96-c822d5e8e027,1,1,resnet50_config_16,3:GPU,Yes,2458.9,60.0,37.9
resnet50,GPU-2b917643-a0ef-b090-ac96-c822d5e8e027,1,8,resnet50_config_0,1:GPU,Yes,1324.4,62.3,40.6
resnet50,GPU-2b917643-a0ef-b090-ac96-c822d5e8e027,1,2,resnet50_config_0,1:GPU,Yes,1324.4,70.8,42.4
resnet50,GPU-2b917643-a0ef-b090-ac96-c822d5e8e027,1,16,resnet50_config_0,1:GPU,Yes,1324.4,70.5,42.6
resnet50,GPU-2b917643-a0ef-b090-ac96-c822d5e8e027,1,4,resnet50_config_0,1:GPU,Yes,1324.4,62.7,40.5
resnet50,GPU-2b917643-a0ef-b090-ac96-c822d5e8e027,1,1,resnet50_config_0,1:GPU,Yes,1324.4,62.7,40.3
resnet50,GPU-2b917643-a0ef-b090-ac96-c822d5e8e027,1,16,resnet50_config_32,5:GPU,Yes,3599.8,90.8,48.2
resnet50,GPU-2b917643-a0ef-b090-ac96-c822d5e8e027,1,64,resnet50_config_32,5:GPU,Yes,3599.8,89.0,49.1
resnet50,GPU-2b917643-a0ef-b090-ac96-c822d5e8e027,1,128,resnet50_config_32,5:GPU,Yes,3599.8,71.8,47.4
resnet50,GPU-2b917643-a0ef-b090-ac96-c822d5e8e027,1,32,resnet50_config_32,5:GPU,Yes,3599.8,56.3,40.7
resnet50,GPU-2b917643-a0ef-b090-ac96-c822d5e8e027,1,8,resnet50_config_32,5:GPU,Yes,3599.8,58.0,42.4
resnet50,GPU-2b917643-a0ef-b090-ac96-c822d5e8e027,1,4,resnet50_config_32,5:GPU,Yes,3599.8,77.8,44.8
resnet50,GPU-2b917643-a0ef-b090-ac96-c822d5e8e027,1,2,resnet50_config_32,5:GPU,Yes,3599.8,55.7,40.2
resnet50,GPU-2b917643-a0ef-b090-ac96-c822d5e8e027,1,1,resnet50_config_32,5:GPU,Yes,3599.8,58.0,35.2
resnet50,GPU-2b917643-a0ef-b090-ac96-c822d5e8e027,1,4,resnet50_config_24,4:GPU,Yes,3029.3,86.8,47.9
resnet50,GPU-2b917643-a0ef-b090-ac96-c822d5e8e027,1,2,resnet50_config_24,4:GPU,Yes,3029.3,61.0,42.8
resnet50,GPU-2b917643-a0ef-b090-ac96-c822d5e8e027,1,8,resnet50_config_24,4:GPU,Yes,3029.3,60.3,41.6
resnet50,GPU-2b917643-a0ef-b090-ac96-c822d5e8e027,1,16,resnet50_config_24,4:GPU,Yes,3029.3,80.7,45.3
resnet50,GPU-2b917643-a0ef-b090-ac96-c822d5e8e027,1,1,resnet50_config_24,4:GPU,Yes,3029.3,62.7,36.1
resnet50,GPU-2b917643-a0ef-b090-ac96-c822d5e8e027,1,16,resnet50_config_8,2:GPU,Yes,1892.7,90.7,47.9
resnet50,GPU-2b917643-a0ef-b090-ac96-c822d5e8e027,1,8,resnet50_config_8,2:GPU,Yes,1892.7,88.7,47.2
resnet50,GPU-2b917643-a0ef-b090-ac96-c822d5e8e027,1,2,resnet50_config_8,2:GPU,Yes,1892.7,81.7,45.4
resnet50,GPU-2b917643-a0ef-b090-ac96-c822d5e8e027,1,4,resnet50_config_8,2:GPU,Yes,1892.7,59.8,41.1
resnet50,GPU-2b917643-a0ef-b090-ac96-c822d5e8e027,1,1,resnet50_config_8,2:GPU,Yes,1892.7,52.0,32.6

